{
	"GoogleDrive": {
		"tokenUrl": "https://www.googleapis.com/oauth2/v4/token",
		"clientId": "951797458304-kig3gusfn4h42npvierp3dn90mud8ect.apps.googleusercontent.com",
		"clientSecret": "yzmckE3LzNCEtQc8KlXDQlHl",
		"authorizationFormUrl": "https://accounts.google.com/o/oauth2/v2/auth",
		"scopes": [
			"https://www.googleapis.com/auth/drive"
		]
	},
	"Facebook": {
		"tokenUrl": "https://graph.facebook.com/v2.9/oauth/access_token",
		"clientId": "1465404176838208",
		"clientSecret": "5eb12824b869e7e1d1c110b2860f1eff",
		"authorizationFormUrl": "https://www.facebook.com/v2.9/dialog/oauth",
		"scopes": [
			"user_posts",
			"publish_actions"
		]
	},
	"Twitch": {
		"tokenUrl": "https://api.twitch.tv/kraken/oauth2/token",
		"clientId": "ryj52pbjdene8exzhd0vjo8q73oze2",
		"clientSecret": "ah0mmmv1mak22cenp3bewve0wiwyh7",
		"authorizationFormUrl": "https://api.twitch.tv/kraken/oauth2/authorize",
		"scopes": [
			"viewing_activity_read"
		]
	}
}		