{
	"GoogleDrive": {
		"tokenUrl": "",
		"clientId": "",
		"clientSecret": "",
		"authorizationFormUrl": "",
		"scopes": []
	},
	"Facebook": {
		"tokenUrl": "https://graph.facebook.com/v2.9/oauth/access_token",
		"clientId": "1465404176838208",
		"clientSecret": "5eb12824b869e7e1d1c110b2860f1eff",
		"authorizationFormUrl": "https://www.facebook.com/v2.9/dialog/oauth",
		"scopes": [
			"user_posts",
			"publish_actions"
		]
	},
	"Spotify": {
		"tokenUrl": "",
		"clientId": "",
		"clientSecret": "",
		"authorizationFormUrl": "",
		"scopes": []
	}
}		